timestamp,price,date
1738292642745,104322.18868785404,2025-01-31 03:04:02.745
1738296240347,104325.00174294008,2025-01-31 04:04:00.347
1738299844895,103991.35346005936,2025-01-31 05:04:04.895
1738303419901,104285.77813469055,2025-01-31 06:03:39.901
1738307027028,104506.3300564099,2025-01-31 07:03:47.028
1738310921111,104217.79035004404,2025-01-31 08:08:41.111
1738314229222,104030.89604475061,2025-01-31 09:03:49.222
1738318115249,104310.04406200137,2025-01-31 10:08:35.249
1738321433757,104274.53389246491,2025-01-31 11:03:53.757
1738325038237,104740.66194955219,2025-01-31 12:03:58.237
1738328619917,104668.68597425931,2025-01-31 13:03:39.917
1738332238995,104614.28446002454,2025-01-31 14:03:58.995
1738335837258,104475.41308585052,2025-01-31 15:03:57.258
1738339431787,105480.45394517481,2025-01-31 16:03:51.787
1738343004091,105071.25945425681,2025-01-31 17:03:24.091
1738346512530,104623.76134295262,2025-01-31 18:01:52.530
1738350217911,102524.21520732481,2025-01-31 19:03:37.911
1738353822567,102310.35586633568,2025-01-31 20:03:42.567
1738357426250,101598.16372711949,2025-01-31 21:03:46.250
1738361027520,101921.93619140107,2025-01-31 22:03:47.520
1738364563624,102231.1283769451,2025-01-31 23:02:43.624
1738368221032,102404.93376107872,2025-02-01 00:03:41.032
1738371835213,102470.38402887621,2025-02-01 01:03:55.213
1738375433898,102512.46698695565,2025-02-01 02:03:53.898
1738378938060,102403.77977300351,2025-02-01 03:02:18.060
1738382640119,102249.72937645671,2025-02-01 04:04:00.119
1738386230170,102293.87636307711,2025-02-01 05:03:50.170
1738389832868,102475.68101584575,2025-02-01 06:03:52.868
1738393414749,102392.6088536625,2025-02-01 07:03:34.749
1738396904168,102185.38756205894,2025-02-01 08:01:44.168
1738400432068,101992.51177679887,2025-02-01 09:00:32.068
1738404118541,101615.24850144365,2025-02-01 10:01:58.541
1738407809726,101592.66990862337,2025-02-01 11:03:29.726
1738411407151,102019.51548371714,2025-02-01 12:03:27.151
1738415294013,102149.95154515926,2025-02-01 13:08:14.013
1738418503267,101860.22271648972,2025-02-01 14:01:43.267
1738422215304,101823.14984091595,2025-02-01 15:03:35.304
1738425826677,102108.3490479744,2025-02-01 16:03:46.677
1738429457276,101882.43146116784,2025-02-01 17:04:17.276
1738433032509,102239.73795237648,2025-02-01 18:03:52.509
1738436628670,101992.1932854985,2025-02-01 19:03:48.670
1738440518590,101476.28084876582,2025-02-01 20:08:38.590
1738443732714,101341.21144517073,2025-02-01 21:02:12.714
1738447601288,101393.69478953844,2025-02-01 22:06:41.288
1738451027631,100522.89746094769,2025-02-01 23:03:47.631
1738454912693,100503.92993660411,2025-02-02 00:08:32.693
1738458226645,101237.55570873898,2025-02-02 01:03:46.645
1738461826706,101161.8529126038,2025-02-02 02:03:46.706
1738465412220,100488.42869471373,2025-02-02 03:03:32.220
1738469235956,99092.333588406,2025-02-02 04:07:15.956
1738472616344,99511.03304807426,2025-02-02 05:03:36.344
1738476219315,100272.9911974196,2025-02-02 06:03:39.315
1738479643585,100355.30821794734,2025-02-02 07:00:43.585
1738483438356,99593.13977161376,2025-02-02 08:03:58.356
1738487034032,99794.68350624843,2025-02-02 09:03:54.032
1738490616248,99645.40771022183,2025-02-02 10:03:36.248
1738494186477,99342.03532242186,2025-02-02 11:03:06.477
1738497828001,98933.28243566968,2025-02-02 12:03:48.001
1738501405768,98201.26569873706,2025-02-02 13:03:25.768
1738505038403,98791.6437249441,2025-02-02 14:03:58.403
1738508619736,99259.48949920906,2025-02-02 15:03:39.736
1738512098424,99306.8359207168,2025-02-02 16:01:38.424
1738515755650,98196.81871091944,2025-02-02 17:02:35.650
1738519418840,97157.76217158206,2025-02-02 18:03:38.840
1738523025446,96896.82676418213,2025-02-02 19:03:45.446
1738526623139,98235.87175043522,2025-02-02 20:03:43.139
1738530045736,97793.53821562871,2025-02-02 21:00:45.736
1738533735812,96988.74415938454,2025-02-02 22:02:15.812
1738537427863,97815.84535257479,2025-02-02 23:03:47.863
1738541035006,97652.02866142086,2025-02-03 00:03:55.006
1738544605784,96653.10505164102,2025-02-03 01:03:25.784
1738548238171,93517.87531879066,2025-02-03 02:03:58.171
1738551759228,93529.88153166145,2025-02-03 03:02:39.228
1738555437250,94068.23649713039,2025-02-03 04:03:57.250
1738559022326,92876.12162304203,2025-02-03 05:03:42.326
1738562641126,93885.07988775491,2025-02-03 06:04:01.126
1738566261688,93984.49582240354,2025-02-03 07:04:21.688
1738569790198,95437.74841070815,2025-02-03 08:03:10.198
1738573430939,95431.53785259378,2025-02-03 09:03:50.939
1738577020239,95373.35106292863,2025-02-03 10:03:40.239
1738580635347,95770.80181571534,2025-02-03 11:03:55.347
1738584226010,95184.99000103062,2025-02-03 12:03:46.010
1738587813432,94848.74372319518,2025-02-03 13:03:33.432
1738591436837,94721.98536030206,2025-02-03 14:03:56.837
1738595103441,96874.2426135226,2025-02-03 15:05:03.441
1738598617068,99175.4839366473,2025-02-03 16:03:37.068
1738602236331,98664.16766125984,2025-02-03 17:03:56.331
1738605831143,99427.091812037,2025-02-03 18:03:51.143
1738609737978,100109.60169399311,2025-02-03 19:08:57.978
1738613038656,102038.29415299969,2025-02-03 20:03:58.656
1738616652060,101776.9704902056,2025-02-03 21:04:12.060
1738620225958,102011.13759922635,2025-02-03 22:03:45.958
1738623843967,101786.57409375272,2025-02-03 23:04:03.967
1738627316275,101392.3150300614,2025-02-04 00:01:56.275
1738631044126,101177.50269250017,2025-02-04 01:04:04.126
1738634916302,101468.37868950945,2025-02-04 02:08:36.302
1738638232232,100843.17354271388,2025-02-04 03:03:52.232
1738641832533,100696.1326357584,2025-02-04 04:03:52.533
1738645445375,100163.72562649935,2025-02-04 05:04:05.375
1738649034372,99248.39363079518,2025-02-04 06:03:54.372
1738652643227,99414.93416195072,2025-02-04 07:04:03.227
1738656177118,98461.65323336356,2025-02-04 08:02:57.118
1738659832878,98361.85276813261,2025-02-04 09:03:52.878
1738663720006,98707.16429232086,2025-02-04 10:08:40.006
1738666922244,98900.15664785431,2025-02-04 11:02:02.244
1738670629625,99125.47947716463,2025-02-04 12:03:49.625
1738674242382,99369.05940581522,2025-02-04 13:04:02.382
1738677837983,99132.60917545018,2025-02-04 14:03:57.983
1738681435742,100160.09279025279,2025-02-04 15:03:55.742
1738685050533,99503.28222371545,2025-02-04 16:04:10.533
1738688494919,99207.7117070122,2025-02-04 17:01:34.919
1738692246155,99243.8917964687,2025-02-04 18:04:06.155
1738695842973,99359.35824162222,2025-02-04 19:04:02.973
1738699442905,98860.42539595038,2025-02-04 20:04:02.905
1738703324686,97972.8075370943,2025-02-04 21:08:44.686
1738706650694,96386.5143187413,2025-02-04 22:04:10.694
1738710115641,97690.61739242118,2025-02-04 23:01:55.641
1738713836312,97888.30731950274,2025-02-05 00:03:56.312
1738717437514,98360.40524167611,2025-02-05 01:03:57.514
1738720972157,97742.4722066188,2025-02-05 02:02:52.157
1738724614380,98029.77668903438,2025-02-05 03:03:34.380
1738728006424,98006.5293424413,2025-02-05 04:00:06.424
1738731849895,98094.7373713875,2025-02-05 05:04:09.895
1738735418079,98200.71650096471,2025-02-05 06:03:38.079
1738739030074,97513.92279729006,2025-02-05 07:03:50.074
1738742630441,97904.93450676241,2025-02-05 08:03:50.441
1738746238345,97656.24528073946,2025-02-05 09:03:58.345
1738749830353,97450.19613346204,2025-02-05 10:03:50.353
1738753432815,97759.8831753512,2025-02-05 11:03:52.815
1738756863860,98193.32303841642,2025-02-05 12:01:03.860
1738760555879,98045.78183003876,2025-02-05 13:02:35.879
1738764253296,98611.46674060835,2025-02-05 14:04:13.296
1738767795819,98351.26868548083,2025-02-05 15:03:15.819
1738771309250,98192.99346867306,2025-02-05 16:01:49.250
1738775027273,98044.92329209218,2025-02-05 17:03:47.273
1738778644941,97736.3008613856,2025-02-05 18:04:04.941
1738782249173,96709.7362968561,2025-02-05 19:04:09.173
1738785758875,97377.74729659544,2025-02-05 20:02:38.875
1738789440438,97326.90138999239,2025-02-05 21:04:00.438
1738793050280,96870.39922901063,2025-02-05 22:04:10.280
1738796628268,96439.88149814382,2025-02-05 23:03:48.268
1738800239513,96613.00809483857,2025-02-06 00:03:59.513
1738803825864,96839.96420150516,2025-02-06 01:03:45.864
1738807441898,97130.53973144067,2025-02-06 02:04:01.898
1738810824898,97355.35589817187,2025-02-06 03:00:24.898
1738814651043,97355.40414806851,2025-02-06 04:04:11.043
1738818220870,97643.75264902429,2025-02-06 05:03:40.870
1738822108951,97775.60672474427,2025-02-06 06:08:28.951
1738825451555,98402.46047835614,2025-02-06 07:04:11.555
1738828808101,98232.29586759426,2025-02-06 08:00:08.101
1738832912486,98211.45992465959,2025-02-06 09:08:32.486
1738836235136,98692.44773552474,2025-02-06 10:03:55.136
1738839842195,98975.0605619712,2025-02-06 11:04:02.195
1738843317109,98901.87439582883,2025-02-06 12:01:57.109
1738846912501,98359.249482822,2025-02-06 13:01:52.501
1738850911052,98548.2185810839,2025-02-06 14:08:31.052
1738854069316,97920.76851950152,2025-02-06 15:01:09.316
1738857767492,97232.86007013674,2025-02-06 16:02:47.492
1738861423384,96581.82206855995,2025-02-06 17:03:43.384
1738865040401,96720.71725520355,2025-02-06 18:04:00.401
1738868576212,96340.12998876366,2025-02-06 19:02:56.212
1738872241843,95967.15004023662,2025-02-06 20:04:01.843
1738875836060,96900.66888552891,2025-02-06 21:03:56.060
1738879272092,96784.5850446752,2025-02-06 22:01:12.092
1738883049795,96928.85157608312,2025-02-06 23:04:09.795
1738886631765,96567.63486519158,2025-02-07 00:03:51.765
1738890508742,96656.38389228036,2025-02-07 01:08:28.742
1738893850825,97463.82094798237,2025-02-07 02:04:10.825
1738897441886,97585.5765251919,2025-02-07 03:04:01.886
1738901038031,97442.04681675724,2025-02-07 04:03:58.031
1738904621061,97459.12539682529,2025-02-07 05:03:41.061
1738908097655,97354.27325739387,2025-02-07 06:01:37.655
1738911626442,96876.89154634211,2025-02-07 07:00:26.442
1738915431391,96765.55824275386,2025-02-07 08:03:51.391
1738919049234,97129.2131679456,2025-02-07 09:04:09.234
1738922630207,97337.03098963221,2025-02-07 10:03:50.207
1738926214511,97316.41651615771,2025-02-07 11:03:34.511
1738929656631,97760.09397417755,2025-02-07 12:00:56.631
1738933435385,98006.31102408515,2025-02-07 13:03:55.385
1738936986155,98873.42490634344,2025-02-07 14:03:06.155
1738940589508,99606.01843437883,2025-02-07 15:03:09.508
1738944253816,98081.80812585702,2025-02-07 16:04:13.816
1738947832752,97880.47132241819,2025-02-07 17:03:52.752
1738951463151,97416.13593512993,2025-02-07 18:04:23.151
1738955045117,97758.33738706807,2025-02-07 19:04:05.117
1738958654604,96896.28982042264,2025-02-07 20:04:14.604
1738962222904,95746.87395405429,2025-02-07 21:03:42.904
1738965830336,96040.13865031378,2025-02-07 22:03:50.336
1738969442331,96108.29568062663,2025-02-07 23:04:02.331
1738973044306,96558.4563096667,2025-02-08 00:04:04.306
1738976656292,96670.89656751913,2025-02-08 01:04:16.292
1738980255147,96548.21819135682,2025-02-08 02:04:15.147
1738983824400,96786.35922159553,2025-02-08 03:03:44.400
1738987425095,96713.24797153489,2025-02-08 04:03:45.095
1738991051997,96320.34813679579,2025-02-08 05:04:11.997
1738994646448,96154.76117032336,2025-02-08 06:04:06.448
1738998229795,95952.52432602612,2025-02-08 07:03:49.795
1739001840625,96223.7407871112,2025-02-08 08:04:00.625
1739005427457,95905.61306579997,2025-02-08 09:03:47.457
1739008954123,96095.3786132481,2025-02-08 10:02:34.123
1739012623068,96039.32910256689,2025-02-08 11:03:43.068
1739016248355,96003.7579365969,2025-02-08 12:04:08.355
1739020125465,96087.21179559056,2025-02-08 13:08:45.465
1739023432395,96218.75936833651,2025-02-08 14:03:52.395
1739027036703,96072.01389415626,2025-02-08 15:03:56.703
1739030631360,95836.79513855922,2025-02-08 16:03:51.360
1739034248165,96168.08067753738,2025-02-08 17:04:08.165
1739037836480,96355.02099871126,2025-02-08 18:03:56.480
1739041464996,96518.94915955854,2025-02-08 19:04:24.996
1739045041049,96645.85029878837,2025-02-08 20:04:01.049
1739048651842,96484.13257174032,2025-02-08 21:04:11.842
1739052227816,96501.1504913647,2025-02-08 22:03:47.816
1739055830607,96487.0543625433,2025-02-08 23:03:50.607
1739059457343,96454.44602149501,2025-02-09 00:04:17.343
1739063029419,96569.42155748123,2025-02-09 01:03:49.419
1739066628177,97011.60027792904,2025-02-09 02:03:48.177
1739070233688,96779.30602990102,2025-02-09 03:03:53.688
1739074120312,97259.00138784561,2025-02-09 04:08:40.312
1739077432099,97267.4076648532,2025-02-09 05:03:52.099
1739081037204,97046.2789388488,2025-02-09 06:03:57.204
1739084629412,97028.92076912236,2025-02-09 07:03:49.412
1739088248033,97117.2428080168,2025-02-09 08:04:08.033
1739091832948,97108.03391440804,2025-02-09 09:03:52.948
1739095434094,96890.28323028823,2025-02-09 10:03:54.094
1739099037408,96808.57964192933,2025-02-09 11:03:57.408
1739102750891,96603.27364795694,2025-02-09 12:05:50.891
1739106232621,96550.38390104315,2025-02-09 13:03:52.621
1739109836421,95906.49171654721,2025-02-09 14:03:56.421
1739113446468,96162.13377205859,2025-02-09 15:04:06.468
1739116869843,96498.54652003417,2025-02-09 16:01:09.843
1739120652396,96458.06093493411,2025-02-09 17:04:12.396
1739124531218,96125.10211989976,2025-02-09 18:08:51.218
1739128126829,96218.25827497702,2025-02-09 19:08:46.829
1739131431775,96096.82739593633,2025-02-09 20:03:51.775
1739135033818,96325.2632461819,2025-02-09 21:03:53.818
1739138632847,95340.48294665758,2025-02-09 22:03:52.847
1739142183213,95841.1801230943,2025-02-09 23:03:03.213
1739145852806,96519.99549282841,2025-02-10 00:04:12.806
1739149449496,96766.93559529584,2025-02-10 01:04:09.496
1739153024925,95524.22026320195,2025-02-10 02:03:44.925
1739156437956,95821.87762306974,2025-02-10 03:00:37.956
1739160221360,96805.44643078477,2025-02-10 04:03:41.360
1739163860006,96961.36839920148,2025-02-10 05:04:20.006
1739167362650,97071.92621073166,2025-02-10 06:02:42.650
1739171055757,97151.54613521088,2025-02-10 07:04:15.757
1739174833748,97464.14633368152,2025-02-10 08:07:13.748
1739178227056,97701.28028726348,2025-02-10 09:03:47.056
1739181684403,97510.84742833716,2025-02-10 10:01:24.403
1739185469824,97730.66462298081,2025-02-10 11:04:29.824
1739189052943,97731.48183582605,2025-02-10 12:04:12.943
1739192640182,97403.90940767614,2025-02-10 13:04:00.182
1739196267572,98334.08502172824,2025-02-10 14:04:27.572
1739199847909,97346.47301436782,2025-02-10 15:04:07.909
1739203437314,97251.75237452232,2025-02-10 16:03:57.314
1739207057780,97303.13910111328,2025-02-10 17:04:17.780
1739210642921,97523.71433146537,2025-02-10 18:04:02.921
1739214523736,97585.55088034495,2025-02-10 19:08:43.736
1739217873853,97367.3655911921,2025-02-10 20:04:33.853
1739221437706,97343.1682807978,2025-02-10 21:03:57.706
1739224851728,97398.42007998587,2025-02-10 22:00:51.728
1739228631098,97390.4434974332,2025-02-10 23:03:51.098
1739232196889,97465.03795561657,2025-02-11 00:03:16.889
1739236131459,97996.74379122132,2025-02-11 01:08:51.459
1739239440545,98062.17536313026,2025-02-11 02:04:00.545
1739242931821,97840.1754897783,2025-02-11 03:02:11.821
1739246647829,97607.9294183258,2025-02-11 04:04:07.829
1739250252556,98044.67328804094,2025-02-11 05:04:12.556
1739253838166,98467.0013054058,2025-02-11 06:03:58.166
1739257466923,98423.6912281288,2025-02-11 07:04:26.923
1739261037944,98291.91112214026,2025-02-11 08:03:57.944
1739264648177,98271.14915988536,2025-02-11 09:04:08.177
1739268251776,98047.45718678787,2025-02-11 10:04:11.776
1739271827853,98009.83713490752,2025-02-11 11:03:47.853
1739275460249,98146.26604694665,2025-02-11 12:04:20.249
1739279035918,97785.0383083442,2025-02-11 13:03:55.918
1739282646434,96938.19708318585,2025-02-11 14:04:06.434
1739286227119,96977.78556048905,2025-02-11 15:03:47.119
1739290027324,96889.91975757855,2025-02-11 16:07:07.324
1739293459151,96315.37542059057,2025-02-11 17:04:19.151
1739297059864,96084.83930864246,2025-02-11 18:04:19.864
1739300824093,95551.77083156312,2025-02-11 19:07:04.093
1739304179012,95017.42507160608,2025-02-11 20:02:59.012
1739307848503,95303.46815226416,2025-02-11 21:04:08.503
1739311459586,96328.03689038444,2025-02-11 22:04:19.586
1739315063283,95561.70494164275,2025-02-11 23:04:23.283
1739318644920,95743.13972459143,2025-02-12 00:04:04.920
1739322050639,96077.33083493997,2025-02-12 01:00:50.639
1739325850902,96150.97841210228,2025-02-12 02:04:10.902
1739329312354,95535.57535709743,2025-02-12 03:01:52.354
1739332983459,95372.30093011959,2025-02-12 04:03:03.459
1739336630149,95508.78766861194,2025-02-12 05:03:50.149
1739340252696,95862.97586573691,2025-02-12 06:04:12.696
1739343849592,95809.99388128315,2025-02-12 07:04:09.592
1739347303765,95946.08824913332,2025-02-12 08:01:43.765
1739351070071,96281.23094009243,2025-02-12 09:04:30.071
1739354612376,96126.64137548784,2025-02-12 10:03:32.376
1739358244437,95982.41228195447,2025-02-12 11:04:04.437
1739361846062,96108.54335491334,2025-02-12 12:04:06.062
1739365448493,95918.14912302299,2025-02-12 13:04:08.493
1739369049506,94907.03940613412,2025-02-12 14:04:09.506
1739372655421,95383.62955535506,2025-02-12 15:04:15.421
1739376230406,95853.86268315182,2025-02-12 16:03:50.406
1739379866154,97131.40302480535,2025-02-12 17:04:26.154
1739383456791,97372.92506928637,2025-02-12 18:04:16.791
1739387040157,96927.40233152782,2025-02-12 19:04:00.157
1739390942782,97041.14442247873,2025-02-12 20:09:02.782
1739394271577,96953.21159837977,2025-02-12 21:04:31.577
1739397846802,97581.66121244403,2025-02-12 22:04:06.802
1739401470772,97917.74883920769,2025-02-12 23:04:30.772
1739405059716,97886.93195784716,2025-02-13 00:04:19.716
1739408642071,97822.8847791465,2025-02-13 01:04:02.071
1739412261301,97984.76780314116,2025-02-13 02:04:21.301
1739415865132,97482.69236537757,2025-02-13 03:04:25.132
1739419450538,97545.82090794371,2025-02-13 04:04:10.538
1739423047599,96884.50484747115,2025-02-13 05:04:07.599
1739426673632,96702.94414130866,2025-02-13 06:04:33.632
1739430220197,96045.87665482667,2025-02-13 07:03:40.197
1739433852989,96036.93855574471,2025-02-13 08:04:12.989
1739437457948,95893.42457979695,2025-02-13 09:04:17.948
1739440825788,96255.72778377474,2025-02-13 10:00:25.788
1739444654032,96139.62356455375,2025-02-13 11:04:14.032
1739448240551,95946.82224702308,2025-02-13 12:04:00.551
1739452132578,95767.65830889478,2025-02-13 13:08:52.578
1739455462419,96113.53673267111,2025-02-13 14:04:22.419
1739459050462,95878.64612431273,2025-02-13 15:04:10.462
1739462639822,95917.38358350989,2025-02-13 16:03:59.822
1739466031421,95458.140300641,2025-02-13 17:00:31.421
1739469854750,95637.78525555778,2025-02-13 18:04:14.750
1739473434469,96003.14980785846,2025-02-13 19:03:54.469
1739477346939,95782.51396129551,2025-02-13 20:09:06.939
1739480641322,96300.0609397171,2025-02-13 21:04:01.322
1739484441359,96497.23557421484,2025-02-13 22:07:21.359
1739487705959,96374.20669516998,2025-02-13 23:01:45.959
1739491706474,96666.70960779543,2025-02-14 00:08:26.474
1739495058947,96828.89943203412,2025-02-14 01:04:18.947
1739498639693,96532.5779782049,2025-02-14 02:03:59.693
1739502250767,96579.33951604052,2025-02-14 03:04:10.767
1739505865171,97152.49941358573,2025-02-14 04:04:25.171
1739509455695,96779.1732418888,2025-02-14 05:04:15.695
1739513067249,96703.60390210796,2025-02-14 06:04:27.249
1739516419209,96772.32613035057,2025-02-14 07:00:19.209
1739520254366,97004.55038734362,2025-02-14 08:04:14.366
1739523860803,96886.55281117093,2025-02-14 09:04:20.803
1739527453742,97140.50472343343,2025-02-14 10:04:13.742
1739531054630,97031.12535349325,2025-02-14 11:04:14.630
1739534649226,96901.61280060273,2025-02-14 12:04:09.226
1739538215410,96674.16542518875,2025-02-14 13:03:35.410
1739541856536,96817.72457029505,2025-02-14 14:04:16.536
1739545448030,97324.06933798644,2025-02-14 15:04:08.030
1739549040368,96961.0929667185,2025-02-14 16:04:00.368
1739552654298,97772.85353304356,2025-02-14 17:04:14.298
1739556258324,98623.62137807804,2025-02-14 18:04:18.324
1739559815581,98214.29854725617,2025-02-14 19:03:35.581
1739563467377,97961.4270398272,2025-02-14 20:04:27.377
1739567331836,97314.71761687646,2025-02-14 21:08:51.836
1739570661801,97381.31607548901,2025-02-14 22:04:21.801
1739574249783,97190.84281503958,2025-02-14 23:04:09.783
1739577847449,97525.56432832252,2025-02-15 00:04:07.449
1739581364761,97465.74346570221,2025-02-15 01:02:44.761
1739585061757,97811.65069075664,2025-02-15 02:04:21.757
1739588470495,97810.11853984169,2025-02-15 03:01:10.495
1739592231511,97680.37583137362,2025-02-15 04:03:51.511
1739596141276,97555.50423518383,2025-02-15 05:09:01.276
1739599451294,97596.36340969727,2025-02-15 06:04:11.294
1739603364932,97534.03412413939,2025-02-15 07:09:24.932
1739606638198,97401.87016895857,2025-02-15 08:03:58.198
1739610251383,97504.16571792305,2025-02-15 09:04:11.383
1739614153164,97524.57452619587,2025-02-15 10:09:13.164
1739617259437,97726.54687428048,2025-02-15 11:00:59.437
1739621058755,97599.45342665966,2025-02-15 12:04:18.755
1739624503979,97755.57301650841,2025-02-15 13:01:43.979
1739628240850,97743.06912727187,2025-02-15 14:04:00.850
1739631860336,97643.02998914919,2025-02-15 15:04:20.336
1739635750344,97690.30146549319,2025-02-15 16:09:10.344
1739639035009,97533.1040216401,2025-02-15 17:03:55.009
1739642440667,97422.02899712167,2025-02-15 18:00:40.667
1739646033236,97595.31113086389,2025-02-15 19:00:33.236
1739649859773,97588.83350317659,2025-02-15 20:04:19.773
1739653455188,97552.17038179221,2025-02-15 21:04:15.188
1739657056328,97709.33332248866,2025-02-15 22:04:16.328
1739660610801,97545.4160810322,2025-02-15 23:03:30.801
1739664538860,97651.63779310409,2025-02-16 00:08:58.860
1739667797474,97619.7866463706,2025-02-16 01:03:17.474
1739671415776,97670.43504008041,2025-02-16 02:03:35.776
1739674838025,97548.37442069995,2025-02-16 03:00:38.025
1739678636282,97557.1527649986,2025-02-16 04:03:56.282
1739682239283,97540.4302583713,2025-02-16 05:03:59.283
1739685838157,97602.86236725133,2025-02-16 06:03:58.157
1739689272853,97485.10316361366,2025-02-16 07:01:12.853
1739693045580,97230.9985896581,2025-02-16 08:04:05.580
1739696822379,97125.39953728911,2025-02-16 09:07:02.379
1739700145441,97374.59042056215,2025-02-16 10:02:25.441
1739703807604,97179.53603625878,2025-02-16 11:03:27.604
1739707429790,97336.20781895904,2025-02-16 12:03:49.790
1739711036263,97102.97273794797,2025-02-16 13:03:56.263
1739714633782,96820.88754034557,2025-02-16 14:03:53.782
1739718243853,96973.53423641954,2025-02-16 15:04:03.853
1739721842746,96965.21530590902,2025-02-16 16:04:02.746
1739725455153,97074.7553724119,2025-02-16 17:04:15.153
1739729056263,96972.41824936462,2025-02-16 18:04:16.263
1739732557915,96911.18680524954,2025-02-16 19:02:37.915
1739736065214,97057.54396616183,2025-02-16 20:01:05.214
1739739834909,96915.58776734979,2025-02-16 21:03:54.909
1739743458072,97161.8859953998,2025-02-16 22:04:18.072
1739747022553,96889.88885007307,2025-02-16 23:03:42.553
1739750641303,96122.86600485025,2025-02-17 00:04:01.303
1739754256994,96306.8893048766,2025-02-17 01:04:16.994
1739757717801,96529.14863264606,2025-02-17 02:01:57.801
1739761253065,96203.28295054514,2025-02-17 03:00:53.065
1739765209888,96185.61060460084,2025-02-17 04:06:49.888
1739768641732,96124.05481404,2025-02-17 05:04:01.732
1739772227584,96258.4683507194,2025-02-17 06:03:47.584
1739775843554,96363.60291349764,2025-02-17 07:04:03.554
1739779442845,96103.04905731311,2025-02-17 08:04:02.845
1739783049644,96125.59652377032,2025-02-17 09:04:09.644
1739786687383,96162.96642649428,2025-02-17 10:04:47.383
1739790252831,96115.17848679269,2025-02-17 11:04:12.831
1739793849411,96070.76836745605,2025-02-17 12:04:09.411
1739797436823,96472.19885359015,2025-02-17 13:03:56.823
1739801341694,96469.90302563595,2025-02-17 14:09:01.694
1739804599163,96825.39185696325,2025-02-17 15:03:19.163
1739808239096,95601.77121160176,2025-02-17 16:03:59.096
1739811829983,95367.30839787448,2025-02-17 17:03:49.983
1739815448444,95473.9227113629,2025-02-17 18:04:08.444
1739819057506,95305.81471590063,2025-02-17 19:04:17.506
1739822664419,95517.3362841228,2025-02-17 20:04:24.419
1739826265810,96001.22510228083,2025-02-17 21:04:25.810
1739829868726,96394.20010452533,2025-02-17 22:04:28.726
1739833433370,95910.6343997475,2025-02-17 23:03:53.370
1739837053462,95784.62953852078,2025-02-18 00:04:13.462
1739840667335,95657.12403089936,2025-02-18 01:04:27.335
1739844254216,96283.17216937791,2025-02-18 02:04:14.216
1739847844967,96049.47160409925,2025-02-18 03:04:04.967
1739851432652,96188.68435164474,2025-02-18 04:03:52.652
1739855098619,96057.16749618895,2025-02-18 05:04:58.619
1739858676443,95607.02526683104,2025-02-18 06:04:36.443
1739862329280,95364.76732236886,2025-02-18 07:05:29.280
1739866167434,95318.63732379173,2025-02-18 08:09:27.434
1739869466644,95189.2521445793,2025-02-18 09:04:26.644
1739872845871,95719.26020920448,2025-02-18 10:00:45.871
1739876762748,95713.43307222998,2025-02-18 11:06:02.748
1739880037611,95626.63610131448,2025-02-18 12:00:37.611
1739883876561,96171.78850952118,2025-02-18 13:04:36.561
1739887492860,96130.53749194527,2025-02-18 14:04:52.860
1739891092776,95503.68783507988,2025-02-18 15:04:52.776
1739894859716,95429.11009120086,2025-02-18 16:07:39.716
1739898281400,94580.67364083909,2025-02-18 17:04:41.400
1739901892675,94035.03488149004,2025-02-18 18:04:52.675
1739905483717,93902.52254777655,2025-02-18 19:04:43.717
1739908908970,94054.50815083837,2025-02-18 20:01:48.970
1739912685201,94134.52184393156,2025-02-18 21:04:45.201
1739916124924,94953.73212288553,2025-02-18 22:02:04.924
1739919935383,95259.61791981726,2025-02-18 23:05:35.383
1739923403374,95613.70786478418,2025-02-19 00:03:23.374
1739927008072,95280.7459174621,2025-02-19 01:03:28.072
1739930690779,95317.50472754847,2025-02-19 02:04:50.779
1739934267107,95727.74865208809,2025-02-19 03:04:27.107
1739938179896,95665.49231937547,2025-02-19 04:09:39.896
1739941461217,95176.94369782117,2025-02-19 05:04:21.217
1739945070541,95224.12571943826,2025-02-19 06:04:30.541
1739948694369,95586.35220471295,2025-02-19 07:04:54.369
1739952565956,95680.7581641533,2025-02-19 08:09:25.956
1739955876363,95590.61583351126,2025-02-19 09:04:36.363
1739959489901,95949.78606201638,2025-02-19 10:04:49.901
1739963059894,96302.84963715746,2025-02-19 11:04:19.894
1739966798418,96414.46175112732,2025-02-19 12:06:38.418
1739970270798,96194.7062967688,2025-02-19 13:04:30.798
1739973879998,96235.09041058479,2025-02-19 14:04:39.998
1739977461303,95728.44469201894,2025-02-19 15:04:21.303
1739980833141,95946.65997661931,2025-02-19 16:00:33.141
1739984693114,96051.7756014956,2025-02-19 17:04:53.114
1739988293124,96386.72652871323,2025-02-19 18:04:53.124
1739992026834,95622.78488625766,2025-02-19 19:07:06.834
1739995479239,96157.47075255743,2025-02-19 20:04:39.239
1739999084679,96137.40416742311,2025-02-19 21:04:44.679
1740002734349,96423.82994264697,2025-02-19 22:05:34.349
1740006222693,96540.84301900618,2025-02-19 23:03:42.693
1740009976528,96631.9764747056,2025-02-20 00:06:16.528
1740013495780,96836.56956169584,2025-02-20 01:04:55.780
1740016982861,96753.44819523895,2025-02-20 02:03:02.861
1740020438172,97179.21961256368,2025-02-20 03:00:38.172
1740024284986,97060.52011571353,2025-02-20 04:04:44.986
1740027635014,97183.01235981267,2025-02-20 05:00:35.014
1740031501256,96922.7147115594,2025-02-20 06:05:01.256
1740034867175,96913.83407061106,2025-02-20 07:01:07.175
1740038681781,97004.88168451515,2025-02-20 08:04:41.781
1740042061985,97188.8027667773,2025-02-20 09:01:01.985
1740045885189,97192.89155485418,2025-02-20 10:04:45.189
1740049554364,97406.95451404073,2025-02-20 11:05:54.364
1740053093780,97248.13930504581,2025-02-20 12:04:53.780
1740056661306,97439.5651782597,2025-02-20 13:04:21.306
1740060343049,97597.5898426476,2025-02-20 14:05:43.049
1740064170030,97202.8689987542,2025-02-20 15:09:30.030
1740067481884,96876.26093402511,2025-02-20 16:04:41.884
1740071209908,97714.3371744566,2025-02-20 17:06:49.908
1740074614411,98018.59661832507,2025-02-20 18:03:34.411
1740078286413,98338.7018272712,2025-02-20 19:04:46.413
1740082070481,98481.54369856586,2025-02-20 20:07:50.481
1740085488201,98519.0592307595,2025-02-20 21:04:48.201
1740089060397,98022.05812096567,2025-02-20 22:04:20.397
1740092696646,98227.3320679309,2025-02-20 23:04:56.646
1740096268449,98336.68799774042,2025-02-21 00:04:28.449
1740100065226,98250.85003188688,2025-02-21 01:07:45.226
1740103497538,98368.18235937174,2025-02-21 02:04:57.538
1740107086043,98126.16133511938,2025-02-21 03:04:46.043
1740110676364,98241.82244249899,2025-02-21 04:04:36.364
1740114283530,98247.45441227335,2025-02-21 05:04:43.530
1740118158155,98328.75213668121,2025-02-21 06:09:18.155
1740121230275,98421.66598679434,2025-02-21 07:00:30.275
1740125063729,98190.5219426655,2025-02-21 08:04:23.729
1740128689539,98306.70568096745,2025-02-21 09:04:49.539
1740132266847,98354.95929916999,2025-02-21 10:04:26.847
1740135652127,98635.9937326328,2025-02-21 11:00:52.127
1740139491988,98641.48664582448,2025-02-21 12:04:51.988
1740143020066,98941.1725782136,2025-02-21 13:03:40.066
1740146860214,99244.09049710589,2025-02-21 14:07:40.214
1740150278351,98689.12290385604,2025-02-21 15:04:38.351
1740153703142,98200.30835870569,2025-02-21 16:01:43.142
1740157456439,98208.05256779343,2025-02-21 17:04:16.439
1740161082447,97057.94737411733,2025-02-21 18:04:42.447
1740164697810,96432.40639733619,2025-02-21 19:04:57.810
1740168297717,95188.4232914197,2025-02-21 20:04:57.717
1740171701905,94909.23471393716,2025-02-21 21:01:41.905
1740175486216,95374.40372435798,2025-02-21 22:04:46.216
1740179098218,95744.67131189487,2025-02-21 23:04:58.218
1740182672453,96135.15541305285,2025-02-22 00:04:32.453
1740186229822,96175.80021236626,2025-02-22 01:03:49.822
1740189897978,96214.64163369463,2025-02-22 02:04:57.978
1740193431217,96324.83585906116,2025-02-22 03:03:51.217
1740197158222,96379.27904139952,2025-02-22 04:05:58.222
1740200434202,96361.62676840216,2025-02-22 05:00:34.202
1740204298495,96448.06002721623,2025-02-22 06:04:58.495
1740207894123,96389.686033179,2025-02-22 07:04:54.123
1740211414715,96304.5157111551,2025-02-22 08:03:34.715
1740215112632,96211.30637187278,2025-02-22 09:05:12.632
1740218645336,96479.11808533416,2025-02-22 10:04:05.336
1740222286590,96480.22631988948,2025-02-22 11:04:46.590
1740225869298,96594.85836473043,2025-02-22 12:04:29.298
1740229267696,96857.71626951931,2025-02-22 13:01:07.696
1740233362015,96640.432707833,2025-02-22 14:09:22.015
1740236721603,96533.46795238968,2025-02-22 15:05:21.603
1740240288803,96582.88770834969,2025-02-22 16:04:48.803
1740243883302,96493.95352259732,2025-02-22 17:04:43.302
1740247499220,96668.33083690105,2025-02-22 18:04:59.220
1740250935198,96417.94490841779,2025-02-22 19:02:15.198
1740254690643,96631.34570897685,2025-02-22 20:04:50.643
1740258284980,96576.69186359123,2025-02-22 21:04:44.980
1740261693157,96676.44236752397,2025-02-22 22:01:33.157
1740265545135,96635.74766480611,2025-02-22 23:05:45.135
1740269087721,96526.3245193673,2025-02-23 00:04:47.721
1740272690090,96652.72840228872,2025-02-23 01:04:50.090
1740276291387,96486.16095700496,2025-02-23 02:04:51.387
1740279876316,96413.29570390456,2025-02-23 03:04:36.316
1740283481720,96433.35114701596,2025-02-23 04:04:41.720
1740287086475,96423.40572186683,2025-02-23 05:04:46.475
1740290677616,96216.37468385046,2025-02-23 06:04:37.616
1740294123265,96345.70036309761,2025-02-23 07:02:03.265
1740297871344,96532.36465453282,2025-02-23 08:04:31.344
1740301493321,96345.45264741067,2025-02-23 09:04:53.321
1740304821052,96327.06984242801,2025-02-23 10:00:21.052
1740308688539,96170.77690652086,2025-02-23 11:04:48.539
1740312050617,96113.94673119442,2025-02-23 12:00:50.617
1740315891833,95729.51884312728,2025-02-23 13:04:51.833
1740319489250,95910.3437706451,2025-02-23 14:04:49.250
1740323085840,95578.6571267704,2025-02-23 15:04:45.840
1740326677446,95432.65221910209,2025-02-23 16:04:37.446
1740330288221,95425.30528594145,2025-02-23 17:04:48.221
1740333932331,95664.86676122127,2025-02-23 18:05:32.331
1740337764749,95807.78271920708,2025-02-23 19:09:24.749
1740341097514,95748.56191472913,2025-02-23 20:04:57.514
1740344688030,95784.84215984003,2025-02-23 21:04:48.030
1740348296654,95764.18321415772,2025-02-23 22:04:56.654
1740352161219,96100.14512743866,2025-02-23 23:09:21.219
1740355438045,96265.42843123179,2025-02-24 00:03:58.045
1740359072015,96235.4969392334,2025-02-24 01:04:32.015
1740362680171,95980.26132457636,2025-02-24 02:04:40.171
1740366267810,95792.0954841429,2025-02-24 03:04:27.810
1740369896717,95444.921653889,2025-02-24 04:04:56.717
1740373264500,95286.7956865605,2025-02-24 05:01:04.500
1740377072274,95738.04972301621,2025-02-24 06:04:32.274
1740380664571,95913.34522050363,2025-02-24 07:04:24.571
1740384288274,95901.8386976779,2025-02-24 08:04:48.274
1740387895513,95542.30879671387,2025-02-24 09:04:55.513
1740391478788,95806.49386697571,2025-02-24 10:04:38.788
1740395069936,95640.85834666436,2025-02-24 11:04:29.936
1740398685829,95832.80810182482,2025-02-24 12:04:45.829
1740402282429,95796.86204044832,2025-02-24 13:04:42.429
1740405850530,95536.92475658203,2025-02-24 14:04:10.530
1740409500194,94752.9231933443,2025-02-24 15:05:00.194
1740413256417,94242.24036204048,2025-02-24 16:07:36.417
1740416688544,94308.47790279647,2025-02-24 17:04:48.544
1740420295855,94634.09914253639,2025-02-24 18:04:55.855
1740423883068,94136.87035612758,2025-02-24 19:04:43.068
1740427472403,93870.86137654915,2025-02-24 20:04:32.403
1740431017801,93976.22734751913,2025-02-24 21:03:37.801
1740434698981,93954.42572459971,2025-02-24 22:04:58.981
1740438250160,92361.39840402018,2025-02-24 23:04:10.160
1740441899811,91581.54822567313,2025-02-25 00:04:59.811
1740445290844,91837.13011638554,2025-02-25 01:01:30.844
1740449060838,92013.31215072384,2025-02-25 02:04:20.838
1740452696335,92306.01372151902,2025-02-25 03:04:56.335
1740456286408,92105.6033404217,2025-02-25 04:04:46.408
1740460158813,91820.5412072708,2025-02-25 05:09:18.813
1740463595030,91940.55326491955,2025-02-25 06:06:35.030
1740467087171,91256.70542813146,2025-02-25 07:04:47.171
1740470655825,89090.97043741599,2025-02-25 08:04:15.825
1740474062370,89396.73950666585,2025-02-25 09:01:02.370
1740477957382,88440.37884721062,2025-02-25 10:05:57.382
1740481476059,88201.3382303592,2025-02-25 11:04:36.059
1740485086178,89256.52949098358,2025-02-25 12:04:46.178
1740488680670,89391.201092851,2025-02-25 13:04:40.670
1740492568139,88789.8197934742,2025-02-25 14:09:28.139
1740496164610,86867.66638189416,2025-02-25 15:09:24.610
1740499764690,86776.4546745387,2025-02-25 16:09:24.690
1740503355140,87366.87218874015,2025-02-25 17:09:15.140
1740506981791,87392.79936497574,2025-02-25 18:09:41.791
1740510109546,86941.61569710268,2025-02-25 19:01:49.546
1740513893681,87837.98611845393,2025-02-25 20:04:53.681
1740517299627,88056.54698126936,2025-02-25 21:01:39.627
1740521385639,89142.8156418093,2025-02-25 22:09:45.639
1740524978390,89006.72620143932,2025-02-25 23:09:38.390
1740528533938,88463.02814951622,2025-02-26 00:08:53.938
1740532185658,88129.4582649271,2025-02-26 01:09:45.658
1740535527951,88582.89007988699,2025-02-26 02:05:27.951
1740539306575,89010.2709977032,2025-02-26 03:08:26.575
1740542966619,88849.42547092162,2025-02-26 04:09:26.619
1740546283636,88627.54762623741,2025-02-26 05:04:43.636
1740549888324,88377.108768736,2025-02-26 06:04:48.324
1740553748380,88829.00914641502,2025-02-26 07:09:08.380
1740557076710,88672.10610119285,2025-02-26 08:04:36.710
1740560657986,88447.98677406105,2025-02-26 09:04:17.986
1740564289265,89035.46679968933,2025-02-26 10:04:49.265
1740567930847,89191.07152838832,2025-02-26 11:05:30.847
1740571459989,88591.27153709585,2025-02-26 12:04:19.989
1740575097308,87915.24559540932,2025-02-26 13:04:57.308
1740578693742,86973.31331258506,2025-02-26 14:04:53.742
1740582281245,87527.16336925325,2025-02-26 15:04:41.245
1740585666530,87384.08580336162,2025-02-26 16:01:06.530
1740589535340,86693.74231687622,2025-02-26 17:05:35.340
1740593092167,85901.66149196563,2025-02-26 18:04:52.167
1740596698494,84103.29594104021,2025-02-26 19:04:58.494
1740600423343,83753.25723879317,2025-02-26 20:07:03.343
1740603929701,84033.67383603823,2025-02-26 21:05:29.701
1740607491580,84508.0886401965,2025-02-26 22:04:51.580
1740611084223,84301.81196811788,2025-02-26 23:04:44.223
1740614697146,84136.6270309708,2025-02-27 00:04:57.146
1740618033204,84539.85867570058,2025-02-27 01:00:33.204
1740622059379,84559.84873137249,2025-02-27 02:07:39.379
1740625403975,84283.81642317647,2025-02-27 03:03:23.975
1740629058422,85132.65827117102,2025-02-27 04:04:18.422
1740632952323,85035.83826254253,2025-02-27 05:09:12.323
1740636285122,85749.7757679238,2025-02-27 06:04:45.122
1740639868938,86174.31224944406,2025-02-27 07:04:28.938
1740643468696,86219.35590995634,2025-02-27 08:04:28.696
1740647078683,85993.04087670334,2025-02-27 09:04:38.683
1740650684385,86074.32031147683,2025-02-27 10:04:44.385
1740654290652,86951.11150965454,2025-02-27 11:04:50.652
1740657898578,86658.62256231347,2025-02-27 12:04:58.578
1740661482833,86247.63680503149,2025-02-27 13:04:42.833
1740665094100,86051.58311473635,2025-02-27 14:04:54.100
1740668684189,84937.58784593474,2025-02-27 15:04:44.189
1740672725479,85465.98308790909,2025-02-27 16:12:05.479
1740676005252,84434.42898184851,2025-02-27 17:06:45.252
1740679475450,84484.3560760712,2025-02-27 18:04:35.450
1740683369693,84308.63045291128,2025-02-27 19:09:29.693
1740686689162,83946.71468689031,2025-02-27 20:04:49.162
1740690281086,83456.54639867684,2025-02-27 21:04:41.086
1740693897260,84201.35039951056,2025-02-27 22:04:57.260
1740697470095,84575.08070076704,2025-02-27 23:04:30.095
1740701100195,84689.50963635083,2025-02-28 00:05:00.195
1740704689739,84174.60386136748,2025-02-28 01:04:49.739
1740708342417,81731.45985922733,2025-02-28 02:05:42.417
1740712192358,81150.26278342587,2025-02-28 03:09:52.358
1740715495802,80450.79294794661,2025-02-28 04:04:55.802
1740718906910,80327.90968370625,2025-02-28 05:01:46.910
1740722683440,79873.24246763966,2025-02-28 06:04:43.440
1740726533466,79796.03338247676,2025-02-28 07:08:53.466
1740729876289,79079.23853988826,2025-02-28 08:04:36.289
1740733471902,78940.43864942867,2025-02-28 09:04:31.902
1740737364105,79998.57693365982,2025-02-28 10:09:24.105
1740740686563,79962.43838770282,2025-02-28 11:04:46.563
1740744180812,80435.1886242044,2025-02-28 12:03:00.812
1740747876416,80772.67815795937,2025-02-28 13:04:36.416
1740751487958,81473.42315333462,2025-02-28 14:04:47.958
1740755361818,82319.00615781517,2025-02-28 15:09:21.818
1740758616928,83979.37551380234,2025-02-28 16:03:36.928
1740762156098,84391.42017096882,2025-02-28 17:02:36.098
1740765709181,83657.49178573994,2025-02-28 18:01:49.181
1740769403947,84357.8359375325,2025-02-28 19:03:23.947
1740773087805,84401.15171227718,2025-02-28 20:04:47.805
1740776686499,84180.34506243317,2025-02-28 21:04:46.499
1740780443300,84366.4982526792,2025-02-28 22:07:23.300
1740784169129,84116.90940478408,2025-02-28 23:09:29.129
1740787489222,84316.57799844211,2025-03-01 00:04:49.222
1740791085960,83818.25957742738,2025-03-01 01:04:45.960
1740794769617,84377.49004801741,2025-03-01 02:06:09.617
1740798290497,85258.01997722525,2025-03-01 03:04:50.497
1740801892221,85288.51830750107,2025-03-01 04:04:52.221
1740805498266,86187.61560877925,2025-03-01 05:04:58.266
1740809383335,85499.73208015299,2025-03-01 06:09:43.335
1740812680353,85040.27992527063,2025-03-01 07:04:40.353
1740816589820,84987.8829445724,2025-03-01 08:09:49.820
1740819896475,85248.50951064646,2025-03-01 09:04:56.475
1740823380727,85333.49904975179,2025-03-01 10:03:00.727
1740827080471,84842.21597267754,2025-03-01 11:04:40.471
1740830687671,84600.52864758584,2025-03-01 12:04:47.671
1740834092159,84785.19164229938,2025-03-01 13:01:32.159
1740837897680,84452.16671372668,2025-03-01 14:04:57.680
1740841399617,84684.87464077682,2025-03-01 15:03:19.617
1740845379057,84659.92894806841,2025-03-01 16:09:39.057
1740848696828,85280.03180448567,2025-03-01 17:04:56.828
1740852288755,85167.93027730213,2025-03-01 18:04:48.755
1740856180183,85261.85384218712,2025-03-01 19:09:40.183
1740859727032,85357.75007854645,2025-03-01 20:08:47.032
1740863383546,85499.63370083639,2025-03-01 21:09:43.546
1740866689001,86040.13401090879,2025-03-01 22:04:49.001
1740870588398,86064.6646695572,2025-03-01 23:09:48.398
1740873898408,85982.6656372778,2025-03-02 00:04:58.408
1740877492943,85984.92968484931,2025-03-02 01:04:52.943
1740881081101,86325.16846001119,2025-03-02 02:04:41.101
1740884578000,85812.96583020157,2025-03-02 03:02:58.000
